"line"	"pedigree"	"organization"	"first_year"	"isCheck"	"all_years"	"n_years"
"00EPWB-27"	"HY617BSR//SD8070/HY617BSR"	"AAFC"	2001	FALSE	"2001"	1
"00S0063-1"	"KNUDSON/3/N94-0157//SUMAI3/DALEN"	"AgriPro"	2005	FALSE	"2005"	1
"00S0240-3"	"OXEN/3/SUMAI3/DALEN//N96-0160"	"AgriPro"	2005	FALSE	"2005"	1
"00S0244-23"	"N96-0001ES/3/SUMAI3/DALEN//HAMER"	"AgriPro"	2006	FALSE	"2006"	1
"00S0249-9"	"KNUDSON/ALSEN"	"AgriPro"	2005	FALSE	"2005"	1
"00S0251-6"	"KNUDSON/4/N97-0214/3/N93-0338//SUMAI3/DALEN"	"AgriPro"	2005	FALSE	"2005, 2006"	2
"00S0327-18"	"LARS/N93-0383/3/CHINASCAB#23/N94-0241"	"AgriPro"	2006	FALSE	"2006"	1
"01S0094-65"	"FREYR/N98-0336"	"AgriPro"	2009	FALSE	"2009"	1
"01S0099-8"	"N99-0253/97S0205-01"	"AgriPro"	2007	FALSE	"2007"	1
"01S0236-6"	"HANNA/98S0086-13"	"AgriPro"	2007	FALSE	"2007"	1
"01S0335-4-3"	"98S0047-03//CHISCAB#140/N90-0690"	"AgriPro"	2008	FALSE	"2008"	1
"01S0377-6"	"FREYR/98S0167-09"	"AgriPro"	2007	FALSE	"2007"	1
"01S0380-18"	"N99-0398ES/4/N96-0104/3/N93-0339//SUMAI3/DALEN"	"AgriPro"	2006	FALSE	"2006"	1
"02S0066-13"	"N96-0001ES/3/KNUDSON//FHB5227/LARS"	"AgriPro"	2008	FALSE	"2008"	1
"02S0091-9"	"98S0031-02/98S0018-06"	"AgriPro"	2009	FALSE	"2009"	1
"02S0178-1"	"KNUDSON/4/NORLANDER/3/N92-0098//SUMAI3/DALEN"	"AgriPro"	2008	FALSE	"2008"	1
"02S0208-22"	"N92-0176//FHB5227/LARS/3/KNUDSON"	"AgriPro"	2008	FALSE	"2008"	1
"02S0227-6"	"99S0155-12/98S0086-07"	"AgriPro"	2007	FALSE	"2007"	1
"03CBWA3-15"	"MONO3B/FHB37"	"AAFC"	2004	FALSE	"2004"	1
"03CBWC-21"	"93B42-V2A/BW252"	"AAFC"	2004	FALSE	"2004"	1
"03S0119-12"	"99S0350-8/N98-0286"	"AgriPro"	2009	FALSE	"2009"	1
"03S0211-3"	"NORPRO/99S0051-3-1"	"Syngenta"	2010	FALSE	"2010"	1
"03S0352-22"	"00S0315-11/KNUDSON"	"AgriPro"	2009	FALSE	"2009"	1
"04S0196-1"	"KELBY/4/OXEN/3/SUMAI3/DALEN//N96-0160"	"Syngenta"	2010	FALSE	"2010"	1
"04S0202-1"	"KUNTZ//KNUDSON/ALSEN"	"Syngenta"	2010	FALSE	"2010"	1
"04S0209-4"	"HJ98//SUMAI3/DALEN/3/FREYR"	"Syngenta"	2010	FALSE	"2010"	1
"04S0301-3"	"KNUDSON/KELBY//FREYR"	"Syngenta"	2010	FALSE	"2010"	1
"04V51A0498"	"BW264//BW315/ND744"	"AAFC"	2010	FALSE	"2010"	1
"05MSP5"	"RUBI/PROINTAREAL"	"Trigen"	2006	FALSE	"2006"	1
"06MSP3"	"BRS177/PROINTAGRANAR"	"Trigen"	2007	FALSE	"2007"	1
"07S0018-2"	"ALSEN//KNUDSON/BW297/3/02S0239-1"	"Syngenta"	2013	FALSE	"2013"	1
"07S0027-3"	"HJ98/BC97ROM-52//FREYR/3/01S0236-6"	"Syngenta"	2013	FALSE	"2013"	1
"07S0068-11"	"MN01180/KNUDSON"	"Syngenta"	2015	FALSE	"2015"	1
"07S0184-11"	"FALLER/BRENNAN"	"Syngenta"	2013	FALSE	"2013"	1
"07S0203-9"	"SYSOREN/02S0178-1"	"Syngenta"	2013	FALSE	"2013"	1
"07S0208-27"	"02S0066-13/BRENNAN"	"Syngenta"	2014	FALSE	"2014"	1
"07S0209-29"	"02S0066-13/SYSOREN"	"Syngenta"	2013	FALSE	"2013"	1
"07S0211-23"	"02S0066-6/02S0214-15"	"Syngenta"	2014	FALSE	"2014"	1
"07S0274-2"	"ARG31/RB07"	"Syngenta"	2014	FALSE	"2014"	1
"08S0036-19"	"FREYR/98S0167-09//02S0237-33"	"Syngenta"	2014	FALSE	"2014"	1
"08S0094-9"	"00S0221-9W/ALSEN/SYSOREN"	"Syngenta"	2014	FALSE	"2014"	1
"08S0303-16"	"N97-0329ES/SD3546)//FALLER"	"Syngenta"	2015	FALSE	"2015"	1
"08S0339-23"	"01S0107-7/01S0238-7W//SYINGMAR"	"Syngenta"	2015	FALSE	"2015"	1
"08S0341-15"	"01S0107-13/01S0238-5W//00S0287-16/KNUDSON"	"Syngenta"	2015	FALSE	"2015"	1
"08S0347-23"	"01S0247-17/NORPRO//01S0107-7/01S0238-7W"	"Syngenta"	2015	FALSE	"2015"	1
"09S0018-2"	"BREAKER/KELBY"	"Syngenta"	2016	FALSE	"2016"	1
"09S0054-5"	"03S0352-22/01S0236-6"	"Syngenta"	2016	FALSE	"2016"	1
"09S0055-1"	"03S0352-22/03S0032-5"	"Syngenta"	2016	FALSE	"2016"	1
"09S0084-14"	"04S0284-4/FALLER"	"Syngenta"	2016	FALSE	"2016"	1
"09S0118-10"	"SD4059/SYSOREN"	"Syngenta"	2016	FALSE	"2016"	1
"10EXP13-16"	"ND735/STEELE-ND"	"NDSU"	2011	FALSE	"2011"	1
"10EXP13-24"	"KEENE/3/GRANDIN2//COTEAU/LNW(TT-2)/4/ND708/5/ND711/6/ND756"	"NDSU"	2011	FALSE	"2011"	1
"10EXP13-44"	"WALWORTH/ND721"	"NDSU"	2011	FALSE	"2011"	1
"10EXP13-87"	"FRONTANA/W9207//ALSEN/3/ND740"	"NDSU"	2011	FALSE	"2011"	1
"10EXPSW13-19"	NA	"NDSU"	2011	FALSE	"2011"	1
"10EXPSW13-28"	NA	"NDSU"	2011	FALSE	"2011"	1
"10EXPSW13-9"	NA	"NDSU"	2011	FALSE	"2011"	1
"11EXP13-105"	"ND744/ND752"	"NDSU"	2012	FALSE	"2012"	1
"11EXP13-107"	"GOLDFIELD/2ALSEN//STEELE-ND"	"NDSU"	2012	FALSE	"2012"	1
"11EXP13-43"	"BANTON/FALLER"	"NDSU"	2012	FALSE	"2012"	1
"11EXP13-65"	"FALLER/ALSEN"	"NDSU"	2012	FALSE	"2012"	1
"11EXP13-78"	"GUADALUPE/GLENN//ALSEN/3/ND751"	"NDSU"	2012	FALSE	"2012"	1
"12-14-147"	"VELVA/BIGGRED"	"NDSU"	2013	FALSE	"2013, 2014"	2
"12-14-158"	"ARSENAL//KORMORRAN/ROHAU72-839/3/PARSHALL/4/ND706"	"NDSU"	2013	FALSE	"2013, 2014"	2
"12-14-172"	"TOKAI66/PARSHALL//ALSEN"	"NDSU"	2013	FALSE	"2013, 2014"	2
"12-14-81"	"PI157593/PARSHALL//ALSEN"	"NDSU"	2013	FALSE	"2013, 2014"	2
"12-14-97"	"FRONTANA/W9207//2ALSEN/3/2ND752"	"NDSU"	2013	FALSE	"2013, 2014"	2
"14-13-106"	"ND744/ALSEN"	"NDSU"	2015	FALSE	"2015"	1
"14-13-135"	"MN00261-4/ALSEN"	"NDSU"	2015	FALSE	"2015"	1
"14-13-14"	NA	"NDSU"	2015	FALSE	"2015"	1
"14-13-21"	"9950146ES/GLENN"	"NDSU"	2015	FALSE	"2015"	1
"14-13-97"	NA	"NDSU"	2015	FALSE	"2015"	1
"2375"	NA	"NDSU"	1995	TRUE	"1995, 1996, 1997, 1998, 1999, 2000, 2001, 2002, 2003, 2004, 2005, 2006, 2007, 2008, 2009, 2010, 2011, 2012, 2013, 2014, 2015, 2016, 2017, 2018"	24
"2398"	NA	NA	1995	FALSE	"1995, 2017, 2023"	3
"3X1-134FA0067"	"HC736/98B69-R28//2PRODIGY/3/HC374/398B69-L47"	"AAFC"	2009	FALSE	"2009"	1
"9229G-003B"	NA	"CAN"	2001	FALSE	"2001"	1
"93B42-AW3C"	"ACDOMAIN2/SUMA13"	"AAFC"	1999	FALSE	"1999"	1
"93B42-V2A"	NA	"AAFC"	1998	FALSE	"1998, 1999"	2
"93B43-AH1A"	"ACCORA2/NING7840"	"AAFC"	1998	FALSE	"1998"	1
"93FBB21"	"NING8331/BIGGAR"	"AAFC"	1998	FALSE	"1998"	1
"93FHB_12"	NA	"AAFC"	1996	FALSE	"1996"	1
"93FHB_21"	NA	"AAFC"	1995	FALSE	"1995, 1996"	2
"93FHB_37"	NA	"AAFC"	1995	FALSE	"1995"	1
"94B15-D9D5"	NA	NA	2000	FALSE	"2000"	1
"94B16-S14A5"	NA	NA	2000	FALSE	"2000"	1
"94FHB_28"	NA	"AAFC"	1995	FALSE	"1995"	1
"94FHB_34"	NA	"AAFC"	1996	FALSE	"1996"	1
"94FHB_55"	NA	"AAFC"	1996	FALSE	"1996"	1
"94FHB_9"	NA	"AAFC"	1995	FALSE	"1995"	1
"95NPY1253"	"SUMAI3/DALEN"	"AgriPro"	1997	FALSE	"1997"	1
"95NPY1255"	"SUMAI3/DALEN"	"AgriPro"	1997	FALSE	"1997"	1
"95NPY1350"	"SUMAI3/DALEN"	"AgriPro"	1997	FALSE	"1997"	1
"96B32-AN3C"	"RL4802//(96MHN5295-1)BW1742/CLARK"	"AAFC"	2003	FALSE	"2003"	1
"96KEY30"	"A16//A/BGBSR/3/SCEPTRE/NING8331F7"	"AAFC"	1997	FALSE	"1997"	1
"96KEY31"	"A16//A/BGBSR/3/SCEPTRE/NING8331F7"	"AAFC"	1997	FALSE	"1997"	1
"96KEY37"	"89W4L9/GUARD/3/AI6//A4/BGR(94W87)"	"AAFC"	1997	FALSE	"1997"	1
"96KEY9"	"ALPHA/HY617"	"AAFC"	1997	FALSE	"1997"	1
"96NPY1329"	"NING8331/BIGGAR(FHB5222)/N91-0007"	"AgriPro"	1998	FALSE	"1998"	1
"96NPY1370"	"NING8331/BIGGAR(FBB5222)//N92-0357"	"AgriPro"	1998	FALSE	"1998"	1
"96NPY1375"	"NING833L/BIGGAR(FBB5222)//SHARP"	"AgriPro"	1998	FALSE	"1998"	1
"96NPY1439"	"HY611/NING8331(FBB5227)//LARS"	"AgriPro"	1998	FALSE	"1998"	1
"96NPY1506"	"HY611/NING8331(FBB5227)//N93-3026"	"AgriPro"	1998	FALSE	"1998"	1
"96S0594-1"	"B92-0540/CHINASCAB#15"	"AgriPro"	2001	FALSE	"2001"	1
"96S0594-2"	"B92-0540/CHINASCAB#15"	"AgriPro"	2001	FALSE	"2001"	1
"97EPWB12"	"HY16//BW901//HRALPHA"	"AAFC"	1998	FALSE	"1998"	1
"97EPWB16"	"A16//A4/BGBSR/3/SCEPTRE/NING8331"	"AAFC"	1998	FALSE	"1998"	1
"97NPY3209"	"HAMER//SUMA13/DALEN"	"AgriPro"	1999	FALSE	"1999"	1
"97NPY3263"	"N92-0098//SUMAI3/DALEN"	"AgriPro"	1999	FALSE	"1999"	1
"97NPY3294"	"N92-0176//SUMAI3/DALEN"	"AgriPro"	1999	FALSE	"1999"	1
"97NPY3445"	"N92-0338//SUMAI3/DALEN"	"AgriPro"	1999	FALSE	"1999"	1
"97NPY3449"	"N92-0338//SUMAI3/DALEN"	"AgriPro"	1999	FALSE	"1999"	1
"97S0121-2"	"N93-0134//SUMAI3/DALEN"	"AgriPro"	2001	FALSE	"2001"	1
"97S0205-1"	"SUMAI3/DALEN//HAMER"	"AgriPro"	2001	FALSE	"2001"	1
"98B08A59"	"93B42-V2A/BW252"	"AAFC"	2002	FALSE	"2002"	1
"98B08B111"	"93B42-V2A/BW252"	"AAFC"	2002	FALSE	"2002"	1
"98B19N22"	"93B42-V2A/2BW252"	"AAFC"	2002	FALSE	"2002"	1
"98B19S87"	"93B42-V2A/2BW252"	"AAFC"	2002	FALSE	"2002"	1
"98B19T99"	"93B42-V2A/2BW252"	"AAFC"	2002	FALSE	"2002"	1
"98EPWBFHB43"	"PR2375/ACFOREMOST"	"AAFC"	1999	FALSE	"1999"	1
"98S0018-06"	"NORLANDER/3/N92-0098//SUMAI3/DALEN"	"AgriPro"	2002	FALSE	"2002"	1
"98S0083-12"	"N96-0123/3/N93-0323//SUMAI3/DALEN"	"AgriPro"	2003	FALSE	"2003"	1
"98S0084-11"	"N96-0124/3/N93-0161//SUMAI33/DALEN"	"AgriPro"	2002	FALSE	"2002"	1
"98S0113-20"	"N97-0117/3/N92-0098//SUMAI3/DALEN"	"AgriPro"	2003	FALSE	"2003"	1
"98S0146-01"	"N92-0098//SUMAI3/DALEN/3/RUSS/W95-0188"	"AgriPro"	2002	FALSE	"2002"	1
"98S0311-17"	"N92-0176/3/HY611/NING8331(FHB5227)//SUMAI3/DALEN"	"AgriPro"	2003	FALSE	"2003"	1
"98S3015-01"	"HY444/3/N92-0098//SUMAI3/DALEN"	"AgriPro"	2002	FALSE	"2002"	1
"99S0024-14"	"N96-0160/3/N93-0323//SUMAI3/DALEN"	"AgriPro"	2003	FALSE	"2003"	1
"99S0030-3-1"	"N97-0329ES/3/N93-0323//SUMAI3/DALEN"	"AgriPro"	2003	FALSE	"2003"	1
"99S0146ES"	"HJ98//SUMAI3/DALEN"	"AgriPro"	2004	FALSE	"2004"	1
"99S0178-7"	"OXEN//SUMAI3/DALEN"	"AgriPro"	2004	FALSE	"2004"	1
"99S0196-3"	"N97-0055//SUMAI3/DALEN"	"AgriPro"	2004	FALSE	"2004"	1
"99S0347-2"	"N96-0055/3/N94-0157//SUMAI3/DALEN"	"AgriPro"	2004	FALSE	"2004"	1
"99T412"	"PROBRAND822/NORM-2M"	"Trigen"	1999	FALSE	"1999"	1
"99T413"	"PROBRAND822/NORM-12M"	"Trigen"	1999	FALSE	"1999"	1
"99TSP115"	"PROBRAND822/NORM-15M"	"Trigen"	1999	FALSE	"1999"	1
"99TSP119"	"SWM169KA/KLCBR//HL225B"	"Trigen"	1999	FALSE	"1999"	1
"AAC_HODGE"	NA	"AAFC"	2024	FALSE	"2024"	1
"AAC_SPIKE"	NA	"AAFC"	2024	FALSE	"2024"	1
"AAC_WESTKING"	NA	"AAFC"	2024	FALSE	"2024"	1
"AC-MAJESTIC"	NA	"AAFC"	1996	FALSE	"1996"	1
"ACBARRIE"	"NEEPAWA/COLUMBUS//BW90"	"AAFC"	1999	FALSE	"1999"	1
"ACCORA"	NA	"AAFC"	1997	FALSE	"1997"	1
"ACDOMIAN"	NA	"AAFC"	1995	FALSE	"1995"	1
"AKFASTRO"	NA	NA	2023	FALSE	"2023"	1
"ALBIDUM43"	"ALBIDUM357/LUTESCENS91//LUTESCENS311/LUTESCENS91"	"Russia"	2003	FALSE	"2003"	1
"ALSEN"	NA	"NDSU"	2008	TRUE	"2008, 2010, 2011, 2012, 2013, 2014, 2015, 2016, 2017, 2018, 2019, 2020, 2021, 2022, 2023, 2024"	16
"ARTEMOWSKA"	NA	"Bulgaria"	2003	FALSE	"2003"	1
"ATA81"	NA	"AAFC"	1996	FALSE	"1996, 1997"	2
"B90-0270"	NA	"AgriPro"	1996	FALSE	"1996"	1
"B92-0058"	"VTI/K450082//BJY"	"AgriPro"	1995	FALSE	"1995"	1
"BA04-CH-1"	"BW267/98B19H257"	"AAFC"	2007	FALSE	"2007"	1
"BA07-DE-19"	"BW267/98B19N22"	"AAFC"	2007	FALSE	"2007"	1
"BACUP"	NA	"UMN"	1996	TRUE	"1996, 1997, 1998, 1999, 2000, 2001, 2002, 2003, 2004, 2005, 2006, 2007, 2008, 2009, 2010, 2011, 2012, 2013, 2014, 2015, 2016, 2017, 2018, 2019, 2020, 2021, 2022, 2023, 2024"	29
"BD76AJ0199"	"98B25-DF2B04/ND744//00H04J3"	"AAFC"	2009	FALSE	"2009"	1
"BIGG-RED"	NA	"WestBred"	2001	FALSE	"2001, 2002"	2
"BIO-08228"	"VAQ/ABA"	"Limagrain"	2014	FALSE	"2014"	1
"BLADE"	NA	"WestBred"	2006	FALSE	"2006, 2007"	2
"BREAKER"	"ALSEN/KNUDSON"	"WestBred"	2007	FALSE	"2007"	1
"BRICK"	"ND2897/SD3219//SD3414"	"SDSU"	2007	FALSE	"2007, 2010, 2011, 2012, 2013"	5
"BRIGGS"	"BW114/BERGEN//SD3097"	"SDSU"	1998	FALSE	"1998"	1
"BROGAN"	"GRANITE/BRIGGS"	"WestBred"	2008	FALSE	"2008"	1
"BUCKAUSTRAL"	"SOLA50//QUIVIRA/GUATRACHE/3/MASSAUXNO.1/BUCKQUEQUEN2-2-10"	"Argentina"	2003	FALSE	"2003"	1
"BUTTE86"	NA	NA	1995	FALSE	"1995"	1
"BW308"	"ACCORA2/93FHB#37"	"AAFC"	2001	FALSE	"2001"	1
"BW310"	"RL4802/ACMAJESTIC"	"AAFC"	2001	FALSE	"2001"	1
"BW311"	"RL4802/ACMAJESTIC"	"AAFC"	2001	FALSE	"2001"	1
"BW312"	"RL4802/ACDOMAIN"	"AAFC"	2001	FALSE	"2001"	1
"BW429"	"MCKENZIE/ALSEN"	"AAFC"	2011	FALSE	"2011, 2012"	2
"BW464"	"BW342/98B25-AS3C02"	"AAFC"	2012	FALSE	"2012"	1
"BW483"	"99B60-EJ2G/KANE"	"AAFC"	2015	FALSE	"2015"	1
"BW484"	"BW342/98B25-AS3C02"	"AAFC"	2012	FALSE	"2012"	1
"BW485"	"D1125/ALSEN//BW346/3/BW370/99B60-EJ26"	"AAFC"	2015	FALSE	"2015"	1
"BW499"	"WASKADA/BW361"	"AAFC"	2015	FALSE	"2015"	1
"BW5095"	NA	"AAFC"	2024	FALSE	"2024"	1
"BW871"	"ALSEN/ACELSA//ACBARRIE"	"AAFC"	2009	FALSE	"2009, 2010"	2
"BW872"	"9229G-003B/ACBARRIE//ACELSA"	"AAFC"	2007	FALSE	"2007"	1
"BW928"	"BW799/ND721//ALSEN"	"AAFC"	2010	FALSE	"2010, 2011, 2012"	3
"BW961"	"ALSEN/WASKADA"	"AAFC"	2015	FALSE	"2015"	1
"CA-03-937"	"BEN//MELITA///SEPTRE/4/898-787/5/SEPTRE"	"WestBred"	2004	FALSE	"2004"	1
"CA-801-706"	"MOUNTRAIL/FA-898-785"	"WestBred"	2003	FALSE	"2003"	1
"CA-801-715"	"BELZER/FA-898-785"	"WestBred"	2003	FALSE	"2003"	1
"CA-801-717"	NA	"WestBred"	2002	FALSE	"2002, 2005"	2
"CA-801-721"	"BELZER/FA-898-785"	"WestBred"	2003	FALSE	"2003"	1
"CA-801-748"	"88303//RUGBY/SCABRES.POP.///087250"	"WestBred"	2002	FALSE	"2002"	1
"CA-804-744"	"TA/BEN//D88303///D88303/4/LAKER"	"WestBred"	2005	FALSE	"2005"	1
"CA-804-745"	"MOUNTRAIL/CA-801-748"	"WestBred"	2005	FALSE	"2005"	1
"CA-804-746"	"PRIMODORO/LEBSOCK"	"WestBred"	2005	FALSE	"2005"	1
"CA-901-590W"	"LARS/WHITESHARPSHOOTER"	"WestBred"	2003	FALSE	"2003"	1
"CA-901-712"	"E/PRESS/IMPERVO"	"WestBred"	2002	FALSE	"2002"	1
"CA-904-742"	"ALSEN/KEYSTONE"	"WestBred"	2005	FALSE	"2005"	1
"CA-904-743"	"GRANITE/KEYSTONE"	"WestBred"	2005	FALSE	"2005"	1
"CA-905-753"	"BARRIE/BIGGRED"	"WestBred"	2006	FALSE	"2006"	1
"CA-905-754"	"BARRIE/ALSEN"	"WestBred"	2006	FALSE	"2006"	1
"CA-905-755"	"BARRIE/ALSEN"	"WestBred"	2006	FALSE	"2006"	1
"CA-907-824"	"(ALSEN/KEYSTONE)/(GRANITE/KNUDSON)"	"WestBred"	2008	FALSE	"2008"	1
"CA-907-830"	"TROOPER/(GRANITE/TOKAI66)"	"WestBred"	2008	FALSE	"2008"	1
"CA-907-834"	"TROOPER/(ALSEN/KEYSTONE)"	"WestBred"	2008	FALSE	"2008"	1
"CA-907-835"	"TROOPER/POLARIS"	"WestBred"	2008	FALSE	"2008"	1
"CA-908-801"	"GLENN/TROOPER"	"WestBred"	2009	FALSE	"2009"	1
"CA-908-802"	"GLENN/POLARIS"	"WestBred"	2009	FALSE	"2009"	1
"CA-908-869"	"KELBY/SAMSON"	"WestBred"	2009	FALSE	"2009"	1
"CA-908-870"	"KELBY/RUSH"	"WestBred"	2009	FALSE	"2009"	1
"CA-908-874"	"POLARIS/ALSEN"	"WestBred"	2009	FALSE	"2009"	1
"CA803-737"	"BEN/KOFA/898-782"	"WestBred"	2006	FALSE	"2006"	1
"CA806-804"	"TA/D88303//LAKER/3/FA898-787/4/LEBSOCK/5/PRIMODORO"	"WestBred"	2007	FALSE	"2007"	1
"CA806-805"	"BELZER//RUGBY/DURAKING/3/PRIMODORO"	"WestBred"	2007	FALSE	"2007"	1
"CA806-806"	"DURAKING/PRIMODORO"	"WestBred"	2007	FALSE	"2007"	1
"CA806-807"	"RUGBY/DURAKING//FA898-781"	"WestBred"	2007	FALSE	"2007"	1
"CA807-806"	"DURAKING/PRIMODORO"	"WestBred"	2008	FALSE	"2008"	1
"CA807-808"	"LEBSOCK/CA801-748"	"WestBred"	2008	FALSE	"2008"	1
"CA807-810"	"DURAKING/PRIMODORO"	"WestBred"	2008	FALSE	"2008"	1
"CI14371"	NA	"SDSU"	2000	FALSE	"2000"	1
"CROMWELL"	"MN95286/MN94155//VERDE"	"UMN"	2006	FALSE	"2006"	1
"D011501"	"SUMAI3/SCEPTRE//D88096"	"NDSU"	2001	FALSE	"2001"	1
"D011502"	"SUMAI3/SCEPTRE//D88816"	"NDSU"	2001	FALSE	"2001"	1
"D011503"	"SUMAI3/SCEPTRE//D88816"	"NDSU"	2001	FALSE	"2001, 2002"	2
"D011504"	NA	"NDSU"	2001	FALSE	"2001"	1
"D011505"	"BEN/RUGBY"	"NDSU"	2001	FALSE	"2001"	1
"D011506"	"SUMAI3/SCEPTRE/D88090"	"NDSU"	2001	FALSE	"2001"	1
"D011508"	"SUMAI3/SCEPTER//D88096"	"NDSU"	2003	FALSE	"2003"	1
"D011509"	"SUMAI3/SCEPTER//D88690"	"NDSU"	2003	FALSE	"2003"	1
"D011510"	"SUMAI3/SCEPTER//D88816"	"NDSU"	2003	FALSE	"2003"	1
"D011511"	"SUMAI3/SCEPTER//D88816"	"NDSU"	2003	FALSE	"2003"	1
"D011512"	"SCEPTRE/SUMAI3//SCEPTRE"	"NDSU"	2002	FALSE	"2002"	1
"D011515"	"WANGSHUIBAI/BEN//BEN"	"NDSU"	2002	FALSE	"2002"	1
"D011521"	"MEDORA//SUMAI3/MEDORA"	"NDSU"	2002	FALSE	"2002"	1
"D011525"	"SUMAI3/SCEPTER//D88816"	"NDSU"	2003	FALSE	"2003"	1
"D011527"	"LEBSOCK/LDN(DIC-3A)"	"NDSU"	2002	FALSE	"2002"	1
"D87-240"	"D7798/DT367"	"NDSU"	1995	FALSE	"1995, 1996, 1997"	3
"D901155"	NA	"NDSU"	1996	FALSE	"1996, 1997"	2
"D91103"	NA	"NDSU"	1996	FALSE	"1996"	1
"D940098"	NA	"NDSU"	1998	FALSE	"1998"	1
"D941229"	NA	"NDSU"	1998	FALSE	"1998"	1
"D941515"	NA	"NDSU"	1998	FALSE	"1998"	1
"D95565"	NA	"NDSU"	2000	FALSE	"2000"	1
"D96596"	NA	"NDSU"	2000	FALSE	"2000"	1
"D96622"	NA	"NDSU"	2000	FALSE	"2000"	1
"DG012166"	"MAIER/WB733"	"DG"	2005	FALSE	"2005, 2006"	2
"DG013141"	"BELZER/WB735"	"DG"	2004	FALSE	"2004, 2005, 2006"	3
"DG014152"	"MAIER/WB735"	"DG"	2004	FALSE	"2004"	1
"DH98031"	NA	"NDSU"	1999	FALSE	"1999"	1
"DH98052"	NA	"NDSU"	1999	FALSE	"1999"	1
"DH98053"	NA	"NDSU"	1999	FALSE	"1999"	1
"DH98069"	NA	"NDSU"	1999	FALSE	"1999, 2000"	2
"ES101"	"ES12/ES9"	"AAFC"	2007	FALSE	"2007"	1
"ES66"	"RL44522/FHB#37"	"AAFC"	2001	FALSE	"2001"	1
"FA-800-772"	"(RUGBY/DURAKING)/BELZER"	"WestBred"	2005	FALSE	"2005"	1
"FA-900-793"	"IVAN/IMPERVO"	"WestBred"	2001	FALSE	"2001"	1
"FA-998-781"	"RUGBY/DESERTLAX#1(DURUM)"	"WestBred"	2000	FALSE	"2000"	1
"FA-998-782"	"RUGBY/DESERTLAX#1(DURUM)"	"WestBred"	2000	FALSE	"2000"	1
"FA-998-783"	"RUGBY/DESERTLAX#1(DURUM)"	"WestBred"	2000	FALSE	"2000"	1
"FA897-733"	NA	"WestBred"	1999	FALSE	"1999"	1
"FA897-735"	NA	"WestBred"	1999	FALSE	"1999"	1
"FA997-703"	NA	NA	1999	FALSE	"1999"	1
"FHB34"	"PASQUA/NING8331"	"AAFC"	1997	FALSE	"1997"	1
"FI-03-2318"	"898-782/LEBSOCK"	"WestBred"	2004	FALSE	"2004"	1
"FI-03-2501"	"KEYSTONE/ALSEN"	"WestBred"	2004	FALSE	"2004"	1
"FI-03-2506"	"KEYSTONE/ALSEN"	"WestBred"	2004	FALSE	"2004"	1
"FI-03-2665"	"GRANITE/TOKAI66"	"WestBred"	2004	FALSE	"2004"	1
"FI-03-2747"	"GRANITE/TOKAI66"	"WestBred"	2004	FALSE	"2004"	1
"FI-97-844-8"	"GRANDIN/SUMAI-3//RUGBY"	"WestBred"	2004	FALSE	"2004"	1
"FN09-17017"	"SD4011/GLENN"	"SDSU"	2010	FALSE	"2010"	1
"FN09-17210"	"SD3746/SD3776//SD4032"	"SDSU"	2010	FALSE	"2010"	1
"FN09-17213"	"SD3851/GRANGER//SD4018"	"SDSU"	2010	FALSE	"2010"	1
"FN09-17270"	"SD3618/ND744"	"SDSU"	2010	FALSE	"2010"	1
"FN09-17275"	"PI67392/SD3618//ND750"	"SDSU"	2010	FALSE	"2010"	1
"FN1706-185"	"PI155266/KNUDSON//SD3699/3/SD3746"	"SDSU"	2007	FALSE	"2007"	1
"FN1706-213"	"ND741/SD3714//ND744"	"SDSU"	2007	FALSE	"2007"	1
"FN1706-38"	"ND741/FHBC02-6"	"SDSU"	2007	FALSE	"2007"	1
"FOREFRONT"	"FN1700-155/FN1500-074//SD3348"	"SDSU"	2009	FALSE	"2009"	1
"FREYR"	"N94-0157//SUMAI3/DALEN"	"AgriPro"	2000	FALSE	"2000, 2002"	2
"FRONTANA"	NA	"UMN"	1995	FALSE	"1995"	1
"GLENN"	NA	NA	2023	FALSE	"2023"	1
"GUNNER"	NA	"AgriPro"	1996	FALSE	"1996"	1
"HY2136"	NA	"AAFC"	2024	FALSE	"2024"	1
"HY417"	NA	"AAFC"	1996	FALSE	"1996"	1
"HY644"	NA	"AAFC"	1999	FALSE	"1999, 2000, 2004"	3
"HY682"	"HY639/99EPWAMDG61"	"AAFC"	2007	FALSE	"2007"	1
"HY688"	"95EPWB25/95HN8125(BT12)"	"AAFC"	2004	FALSE	"2004"	1
"HY689"	"HY639/98EPWAMDG32//HY644"	"AAFC"	2007	FALSE	"2007"	1
"HY699"	"HY627/95EPWB9"	"AAFC"	2004	FALSE	"2004"	1
"IDO1403S"	"YR5/6AVOCET//2IDO645"	"UIDO"	2016	FALSE	"2016"	1
"IDO1405S"	"IDO495/P29//TREASURE/3/IDO624"	"UIDO"	2016	FALSE	"2016"	1
"IDO1601S"	"JFSN4/IDO584(70-5)//LASSIK"	"UIDO"	2016	FALSE	"2016"	1
"IDO1603S"	"JFSN4/IDO584(70-5)//LASSIK"	"UIDO"	2016	FALSE	"2016"	1
"INGOT"	"SD3080/DALEN"	"SDSU"	1995	FALSE	"1995"	1
"KATEPWA"	NA	"AAFC"	1995	FALSE	"1995"	1
"KEYSTONE"	"LARS/SHARPSHOOTER"	"WestBred"	2000	FALSE	"2000"	1
"KLEINCONDOR"	"STANDARDF.C.S./SUDOESTEF.C.S."	"Argentina"	2003	FALSE	"2003"	1
"LANG-MN"	"GLENN/SABIN"	"UMN"	2016	FALSE	"2016"	1
"LANGDON"	NA	"NDSU"	1998	FALSE	"1998"	1
"LANNING"	"GLENN/MT0747"	"MSU"	2019	FALSE	"2019"	1
"LCS-ALBANY"	"ALSEN//B1021/NORM"	"Trigen"	2007	FALSE	"2007, 2008"	2
"LDN-SUB."	"LANGDON/T.DICOCOIDES"	"NDSU"	1997	FALSE	"1997"	1
"LINKERT"	NA	NA	2023	FALSE	"2023"	1
"LNR10-0176"	"RB07/SD3641"	"Limagrain"	2013	FALSE	"2013, 2014"	2
"LNR10-0177RS6"	"RB07/SD3641"	"Limagrain"	2014	FALSE	"2014"	1
"LNR10-0493"	"ALSEN/ND800"	"Limagrain"	2013	FALSE	"2013"	1
"LNR14-0677"	"CARBERRY/RB07"	"Limagrain"	2016	FALSE	"2016"	1
"LNR14-0679"	"CARBERRY/RB07"	"Limagrain"	2016	FALSE	"2016"	1
"LNR14-0747"	"LNR10-0146/SNOWBIRD"	"Limagrain"	2016	FALSE	"2016, 2017"	2
"LNR14-1774"	"SP05/RB07"	"Limagrain"	2016	FALSE	"2016"	1
"LNR14-1868"	"FALLER/RB07"	"Limagrain"	2016	FALSE	"2016"	1
"LNR15-0025"	"JENNA/SINUELOSIB"	"Limagrain"	2017	FALSE	"2017"	1
"LNR15-0026"	"JENNA/SINUELOSIB"	"Limagrain"	2017	FALSE	"2017"	1
"LNR15-0763"	NA	NA	2017	FALSE	"2017"	1
"LNR15-1445"	NA	NA	2017	FALSE	"2017"	1
"LNR15-1802"	"LNR10-0181/LNR10-0556"	"Limagrain"	2017	FALSE	"2017"	1
"LNR15-1990"	NA	"Limagrain"	2017	FALSE	"2017"	1
"MARSHALL"	NA	NA	1995	FALSE	"1995"	1
"MCVEY"	NA	"UMN"	1997	FALSE	"1997, 1998"	2
"MN00021"	"ND2763/HJ98"	"UMN"	2002	FALSE	"2002"	1
"MN00173"	"MN95286/MN94155//OXEN"	"UMN"	2002	FALSE	"2002"	1
"MN00187-3"	"RS83/NING8331-4"	"UMN"	2004	FALSE	"2004"	1
"MN00209-3-1"	"IDO530/SEARS29"	"UMN"	2006	FALSE	"2006, 2007"	2
"MN00232-2"	"MN2540W/KULM//ND2710"	"UMN"	2003	FALSE	"2003"	1
"MN00269"	NA	"UMN"	2010	TRUE	"2010, 2011, 2012, 2013, 2014, 2015, 2016, 2017, 2018, 2019, 2020, 2021, 2022, 2023, 2024"	15
"MN00274"	"MCVEY//VANCE/MN2540W"	"UMN"	2002	FALSE	"2002"	1
"MN01057-3-1"	"ND2710/MCVEY"	"UMN"	2005	FALSE	"2005"	1
"MN01116"	"MN95211//LIZCIMMYT9/MN95023"	"UMN"	2003	FALSE	"2003"	1
"MN01164"	"ND2710/BACUP//MN94123"	"UMN"	2004	FALSE	"2004"	1
"MN01180"	"LIZCIMMYT17/PARSHALL//HJ98"	"UMN"	2003	FALSE	"2003"	1
"MN01281"	"SD-ADB9/MN93434"	"UMN"	2003	FALSE	"2003"	1
"MN01380-2-1"	"MN93434/INGOT//MN97008"	"UMN"	2005	FALSE	"2005"	1
"MN01NIL84-5-5-15"	"PARSHALL/MN97589"	"UMN"	2004	FALSE	"2004"	1
"MN01X074-14"	"MN99322(FUIJAN5114-1/MN2538(BACUP)/MN99192(FUIJAN5114-1/2375))"	"UMN"	2007	FALSE	"2007"	1
"MN02051-1"	"PARSHALL/MN97589"	"UMN"	2005	FALSE	"2005"	1
"MN02219-1"	"MN98389/MN97518"	"UMN"	2005	FALSE	"2005"	1
"MN02222-1"	"MN98389/MN97518"	"UMN"	2006	FALSE	"2006, 2007"	2
"MN02268-A-4"	"MN99077/MN97518"	"UMN"	2006	FALSE	"2006"	1
"MN02306-2"	"ND2710/BACUP//MN94123"	"UMN"	2005	FALSE	"2005"	1
"MN03013-3-2"	"MN98446/MN98389"	"UMN"	2007	FALSE	"2007"	1
"MN03191-2-1"	"ULEN//GRANDIN/MN97518"	"UMN"	2007	FALSE	"2007"	1
"MN03342-4"	"MN97695-4//MN99221/MN98366"	"UMN"	2008	FALSE	"2008"	1
"MN05058"	"MN97369-1/MN99322-25"	"UMN"	2008	FALSE	"2008"	1
"MN05117-7"	"MN97448-17/MN99017-6"	"UMN"	2008	FALSE	"2008"	1
"MN05149-5"	"MN99163-7/MN97369-98"	"UMN"	2008	FALSE	"2008"	1
"MN05152-1-1"	"MN99163-7/MN97369-98"	"UMN"	2009	FALSE	"2009"	1
"MN06049-1-3"	"MN99017-6/MN99192-10"	"UMN"	2009	FALSE	"2009"	1
"MN06202-3-1"	"MN99192-10/N97-0100//ALSEN"	"UMN"	2009	FALSE	"2009"	1
"MN06213-6-2-4"	"MN99112-10/FA900-720//ALSEN"	"UMN"	2009	FALSE	"2009"	1
"MN06216-6-2-4"	"MN99112-10/FA900-720//ALSEN-1"	"UMN"	2010	FALSE	"2010"	1
"MN06219-2-2"	"MN99112-10/FA900-720//ALSEN"	"UMN"	2009	FALSE	"2009"	1
"MN07049-7-3"	"MN99322-5(FUIJAN5114-/MN2538(BACUP))/84-5-5-1-2(PARSHALL/MN97589)"	"UMN"	2010	FALSE	"2010"	1
"MN07057-6-4"	"MN99322-5(FUIJAN5114-1/MN2538(BACUP))/84-5-5-1-2(PARSHALL/MN97589)"	"UMN"	2011	FALSE	"2011"	1
"MN07167W-2-1"	"MN01280W/8019-R1-1//MN01281"	"UMN"	2011	FALSE	"2011"	1
"MN07183-3"	"MN01261-8-1(ADA/PARSHALL)/MN00261-4"	"UMN"	2010	FALSE	"2010"	1
"MN08124"	"ULENSEL7/FHB1SOURCE//MN02207-1/MN97695-LRW"	"UMN"	2010	FALSE	"2010"	1
"MN08145"	NA	"UMN"	2010	FALSE	"2010"	1
"MN08145-2-3"	"MN01333-A-1/MN03048-2"	"UMN"	2010	FALSE	"2010"	1
"MN08166"	"MN00232-2-2-2-3/MN03111-3"	"UMN"	2012	FALSE	"2012"	1
"MN08173"	"MN01261-8-1/MN03111-3"	"UMN"	2012	FALSE	"2012"	1
"MN09023"	"MN01261-8-1(ADA/PARSHALL)/2SABIN"	"UMN"	2011	FALSE	"2011"	1
"MN09027"	"MN00209-3-1/2MN03308-4"	"UMN"	2012	FALSE	"2012"	1
"MN09071"	"MN02092-1/2MN03119"	"UMN"	2012	FALSE	"2012"	1
"MN09092"	"SABIN//TOM/FALLER"	"UMN"	2011	FALSE	"2011"	1
"MN09121"	"SABIN//TOM/FALLER"	"UMN"	2012	FALSE	"2012"	1
"MN09157"	"MN03308-42//MN99220-4-1"	"UMN"	2013	FALSE	"2013"	1
"MN10021"	"MN00187-3-1/SABIN"	"UMN"	2014	FALSE	"2014"	1
"MN10055"	"SABIN/KELBY"	"UMN"	2013	FALSE	"2013"	1
"MN10285"	"MN03160-4/SABIN"	"UMN"	2013	FALSE	"2013"	1
"MN10362"	"MN00187-3-1/SABIN"	"UMN"	2013	FALSE	"2013"	1
"MN10368"	"MN03160-4/SABIN"	"UMN"	2013	FALSE	"2013"	1
"MN10388"	"RB07/GLENN"	"UMN"	2014	FALSE	"2014"	1
"MN11074"	"MN05233/ROLLAG"	"UMN"	2014	FALSE	"2014"	1
"MN11326-3"	"SABIN//PRAIRIERED/TOM"	"UMN"	2015	FALSE	"2015"	1
"MN11394-6"	"MN00209-3-1/MN05209"	"UMN"	2016	FALSE	"2016"	1
"MN11397-1"	"SABIN//PRAIRIERED/TOM"	"UMN"	2014	FALSE	"2014"	1
"MN11405"	"MN00209-3-1/MN05209"	"UMN"	2014	FALSE	"2014"	1
"MN12265-1"	"MN02072-7//RB07/MN00187-3-1"	"UMN"	2015	FALSE	"2015"	1
"MN12307-3"	"FALLER2/MN00209-3-1"	"UMN"	2015	FALSE	"2015"	1
"MN12423-5"	"SABIN//NORDEN/(WHEATON/ABURARIL83)"	"UMN"	2015	FALSE	"2015"	1
"MN12545-3"	"MN06102/FALLER"	"UMN"	2015	FALSE	"2015"	1
"MN13056-7"	"ALBANY/MN07069"	"UMN"	2016	FALSE	"2016"	1
"MN13064-2"	"MN06018/FALLER"	"UMN"	2016	FALSE	"2016"	1
"MN13304-5"	"SABIN//MN00187-3-1/MN07338"	"UMN"	2017	FALSE	"2017"	1
"MN13515-8"	"MN00209-3-1/ALBANY//ROLLAG"	"UMN"	2016	FALSE	"2016"	1
"MN14138-4"	"SABIN/MN07067-2"	"UMN"	2017	FALSE	"2017"	1
"MN14164-4"	"SABIN/MN07067-2//NORDEN"	"UMN"	2017	FALSE	"2017"	1
"MN14470-5"	"FALLER//NORDEN/MN07098-6"	"UMN"	2017	FALSE	"2017"	1
"MN14669-1"	"LINKERT/MN07098-6//FALLER"	"UMN"	2017	FALSE	"2017"	1
"MN15008-7"	"PROSPER/ROLLAG"	"UMN"	2018	FALSE	"2018"	1
"MN15029-8"	"MN06075-4/MN08106-6//NORDEN"	"UMN"	2018	FALSE	"2018"	1
"MN15089-2"	"PROSPER/ROLLAG"	"UMN"	2018	FALSE	"2018"	1
"MN15155-2"	"MN06075-4/MN10099-1"	"UMN"	2019	FALSE	"2019"	1
"MN15219-2"	"MN06075-4/MN07199-6//NORDEN"	"UMN"	2018	FALSE	"2018"	1
"MN15501-4"	"MN06216-6-2-4/MN06075-4"	"UMN"	2018	FALSE	"2018"	1
"MN16028"	"MN10204-6/MN-WASHBURNSEL//RB07-SR42"	"UMN"	2019	FALSE	"2019"	1
"MN16040"	"LANG-MN/FOREFRONT"	"UMN"	2019	FALSE	"2019"	1
"MN16103-1"	"MN10349-4/MN10279-6"	"UMN"	2020	FALSE	"2020"	1
"MN16262-3"	"ROLLAG/MN10041-7//MN-WASHBURNSEL"	"UMN"	2019	FALSE	"2019"	1
"MN16277-3"	"MN10349-4/MN10204-6"	"UMN"	2020	FALSE	"2020"	1
"MN16317-5"	"ROLLAG/MN10041-7//MN-WASHBURNSEL"	"UMN"	2019	FALSE	"2019"	1
"MN16340-8"	"MN10349-4/MN10204-6//LINKERT"	"UMN"	2020	FALSE	"2020"	1
"MN16360-1"	"PROSPER/MN10204-6//MN06075-4"	"UMN"	2020	FALSE	"2020"	1
"MN16408-5"	"PROSPER/MN-WASHBURNSEL"	"UMN"	2020	FALSE	"2020"	1
"MN17033-1"	"MN12069-1/SHELLY"	"UMN"	2021	FALSE	"2021"	1
"MN17038-5"	"MN10023-8/MN10204-6"	"UMN"	2021	FALSE	"2021"	1
"MN17065-2"	"SHELLY/MN11268-1"	"UMN"	2022	FALSE	"2022"	1
"MN17271-1"	"MN12069-1/MN11268-1"	"UMN"	2021	FALSE	"2021"	1
"MN17332-2"	"MN12007/MN-WASHBURNSEL//MN10281-1-39"	"UMN"	2021	FALSE	"2021"	1
"MN18081-5"	"MN12069-1/LINKERT//SHELLY"	"UMN"	2022	FALSE	"2022"	1
"MN18091-2"	"MN11116-3/MN12544-2"	"UMN"	2023	FALSE	"2023"	1
"MN18163-5"	"MN12193-6/LANG-MN"	"UMN"	2022	FALSE	"2022"	1
"MN18179-4"	"MN11268-1/MN11116-3//PROSPER"	"UMN"	2022	FALSE	"2022"	1
"MN18292-3"	"MN12515-1/MN12281-2//BOLLES"	"UMN"	2022	FALSE	"2022"	1
"MN19114-3"	"MN13588-4/LANG-MN"	"UMN"	2023	FALSE	"2023"	1
"MN19146-4"	"MN-TORGY/LANG-MN"	"UMN"	2023	FALSE	"2023"	1
"MN19257-1"	"MN12345-3/MN-WASHBURN"	"UMN"	2023	FALSE	"2023"	1
"MN19342-1"	"MN13356-6/MN13398-2"	"UMN"	2024	FALSE	"2024"	1
"MN20080-3"	"LINKERT-GPCB1/LANG-MN"	"UMN"	2024	FALSE	"2024"	1
"MN20081-2"	"LINKERT-GPCB1/MN11452-3//MN13288-1-32"	"UMN"	2024	FALSE	"2024"	1
"MN20171-1"	"MN15482-4/SY-VALDA"	"UMN"	2024	FALSE	"2024"	1
"MN20172-2"	"MN15482-4/MN13479-8"	"UMN"	2024	FALSE	"2024"	1
"MN20231-2"	"SHELLY/MN-TORGY"	"UMN"	2023	FALSE	"2023"	1
"MN2514"	NA	"UMN"	1995	FALSE	"1995"	1
"MN2538"	"NYUBAY/2375//MARSHALL"	"UMN"	1995	FALSE	"1995"	1
"MN2540"	NA	"UMN"	1996	FALSE	"1996"	1
"MN93377"	NA	"UMN"	1996	FALSE	"1996"	1
"MN94346"	NA	"UMN"	1997	FALSE	"1997"	1
"MN94351"	NA	"UMN"	1996	FALSE	"1996"	1
"MN94382"	NA	"UMN"	1995	FALSE	"1995, 1996"	2
"MN94390"	NA	"UMN"	1995	FALSE	"1995"	1
"MN95124"	"MN86165/PAR45"	"UMN"	1997	FALSE	"1997"	1
"MN95142"	"MN90138/PAR9"	"UMN"	1997	FALSE	"1997"	1
"MN95211"	"PARLL/MN90124"	"UMN"	1997	FALSE	"1997"	1
"MN97039"	"SBF0222/MN92197"	"UMN"	2000	FALSE	"2000"	1
"MN97237"	"URFS81/SBY356B//SBY356B"	"UMN"	1998	FALSE	"1998"	1
"MN97518"	"SBE0303-18/MN92320"	"UMN"	1999	FALSE	"1999"	1
"MN97561"	"SBJ0949-132/KULM"	"UMN"	2000	FALSE	"2000"	1
"MN97596"	"2375/SBG0590-83"	"UMN"	1999	FALSE	"1999"	1
"MN97603"	"GRANDIN/SBG0339-75"	"UMN"	1999	FALSE	"1999"	1
"MN97762"	"MN91227/MN2511"	"UMN"	1998	FALSE	"1998"	1
"MN97847"	"MN93413/MN2510"	"UMN"	1998	FALSE	"1998"	1
"MN98037"	"MN88170/BACUP"	"UMN"	2000	FALSE	"2000"	1
"MN98068"	"SBG0339-75/2370"	"UMN"	1999	FALSE	"1999"	1
"MN98092"	"MN93434/2375"	"UMN"	2000	FALSE	"2000"	1
"MN98208"	"MN2540/MN92006"	"UMN"	2000	FALSE	"2000"	1
"MN98389"	"OXEN/MCVEY"	"UMN"	2000	FALSE	"2000"	1
"MN98513"	"BACUP/MCVEY"	"UMN"	1999	FALSE	"1999"	1
"MN99109"	"MN93377(WUHAN)/MN2538(BACUP)"	"UMN"	2001	FALSE	"2001"	1
"MN99112"	"MN93377(WUHAN)/MN94350)CIMMYTSO.CONE"	"UMN"	2001	FALSE	"2001"	1
"MN99126"	"MN94053(BR23)/MN2514"	"UMN"	2001	FALSE	"2001"	1
"MN99192"	"FUIJAN5114-1/2375"	"UMN"	2001	FALSE	"2001"	1
"MN99220-4"	"SBF0402/FUJIAN5114-1"	"UMN"	2004	FALSE	"2004"	1
"MN99225"	"MN2538/SD3161"	"UMN"	2002	FALSE	"2002"	1
"MN99322"	"FUIJAN5114-1/MN2538(BACUP)"	"UMN"	2001	FALSE	"2001"	1
"MN99341-2-5"	"BACUP/NING7840-4//HAMER"	"UMN"	2004	FALSE	"2004"	1
"MN99408"	"MN941512/MN2538"	"UMN"	2002	FALSE	"2002"	1
"MN99433-1"	"MN93434/94FHB#28"	"UMN"	2003	FALSE	"2003"	1
"MO5_1-14"	"SUMAI3/STOA//ND674/3/TOKAI66"	"NDSU"	2005	FALSE	"2005, 2006, 2007"	3
"MO5_1-15"	"SUMAI3/STOA//ND674/3/ND744"	"NDSU"	2005	FALSE	"2005, 2006, 2007"	3
"MO5_1-16"	"FRONTANA/W9207//ND716/3/ND716SELN."	"NDSU"	2005	FALSE	"2005, 2006, 2007"	3
"MO5_1-17"	"FUJIAN5114-1/MN2538//ND716SELN."	"NDSU"	2005	FALSE	"2005, 2006, 2007"	3
"MO5_1-18"	"FRONTANA/W9207//2ND2940"	"NDSU"	2005	FALSE	"2005, 2006, 2007"	3
"MS-CHEVELLE"	"RB07/SD3641"	"Limagrain"	2013	FALSE	"2013, 2014"	2
"MT03501487"	"SCHOLAR/WA7802//ND709-9"	"MSU"	2005	FALSE	"2005"	1
"MT03501736"	"OUTLOOK/ND709-9"	"MSU"	2005	FALSE	"2005"	1
"MT03502405"	"CHOTEAU/ND709-9"	"MSU"	2005	FALSE	"2005"	1
"MT03502420"	"CHOTEAU/ND709-9"	"MSU"	2005	FALSE	"2005"	1
"MT03502445"	"CHOTEAU/ND709-9"	"MSU"	2005	FALSE	"2005"	1
"MT09SCAB16"	"MT0550/MT0249//3MT0249"	"MSU"	2010	FALSE	"2010"	1
"MT09SCAB3"	"MT0550/CHOTEAU//3CHOTEAU"	"MSU"	2010	FALSE	"2010"	1
"MT09SCAB5"	"MT0550/CHOTEAU//3CHOTEAU"	"MSU"	2010	FALSE	"2010"	1
"MT09SCAB9"	"MT0550/CHOTEAU//3CHOTEAU"	"MSU"	2010	FALSE	"2010"	1
"MT1219"	"MT0643/MTHW0771"	"MSU"	2015	FALSE	"2015"	1
"MT1316"	"GLENN/MT0747"	"MSU"	2015	FALSE	"2015, 2016"	2
"MT1337"	"MT0830/MT0858"	"MSU"	2015	FALSE	"2015"	1
"MT1338"	"MT0830/MT0858"	"MSU"	2015	FALSE	"2015"	1
"MT1348"	"MT0852/MT0858"	"MSU"	2016	FALSE	"2016"	1
"MT1401"	"VIDA/MT0827"	"MSU"	2016	FALSE	"2016"	1
"MT1621"	"MT1148/MT1133"	"MSU"	2018	FALSE	"2018, 2019"	2
"MT1673"	"DUCLAIRXMCNEAL/GLUPRO"	"MSU"	2018	FALSE	"2018"	1
"MT1716"	"MT1274/RB07"	"MSU"	2019	FALSE	"2019, 2020, 2021"	3
"MT1767"	"12SR225/12F5827"	"MSU"	2019	FALSE	"2019"	1
"MT1775"	"MT0801/09SR49//MT0928/MOTT"	"MSU"	2020	FALSE	"2020"	1
"MT1809"	"VIDA/M009/3-4"	"MSU"	2020	FALSE	"2020"	1
"MT1855"	"MT1053/MO8/3-4"	"MSU"	2020	FALSE	"2020, 2021"	2
"MT1866"	"VIDA4/CONAN"	"MSU"	2020	FALSE	"2020"	1
"MT1871"	"MT1007/TRAVERSE"	"MSU"	2020	FALSE	"2020"	1
"MT1872"	"MT1007/M009/3-4"	"MSU"	2020	FALSE	"2020"	1
"MT2007"	"MT1316/ND819"	"MSU"	2021	FALSE	"2021"	1
"MT2013"	"MT1542/ND819"	"MSU"	2021	FALSE	"2021"	1
"MT2018"	"MT1524/ND819"	"MSU"	2021	FALSE	"2021"	1
"MT2022"	"MT1401/ND819"	"MSU"	2021	FALSE	"2021"	1
"MT21076"	NA	"MSU"	2022	FALSE	"2022"	1
"MT21082"	NA	"MSU"	2022	FALSE	"2022"	1
"MT21089"	NA	"MSU"	2022	FALSE	"2022"	1
"MT21091"	NA	"MSU"	2022	FALSE	"2022"	1
"MT21102"	NA	"MSU"	2022	FALSE	"2022"	1
"MT21111"	NA	"MSU"	2022	FALSE	"2022"	1
"MT21214"	"DAGMAR/MT1716"	"MSU"	2023	FALSE	"2023"	1
"MT21220"	"DAGMAR/MT1716"	"MSU"	2023	FALSE	"2023, 2024"	2
"MT21222"	"DAGMAR/MT1716"	"MSU"	2023	FALSE	"2023"	1
"MT21224"	"DAGMAR/CAP197-3"	"MSU"	2024	FALSE	"2024"	1
"MT21305"	"DAGMAR/NDHRS16-12-31"	"MSU"	2023	FALSE	"2023"	1
"MT21352"	"DAGMAR///MT1007//MO8/3-4"	"MSU"	2023	FALSE	"2023"	1
"MT21384"	"DAGMAR///MT1007//M009/3-4"	"MSU"	2023	FALSE	"2023"	1
"MT22071"	"DAGMAR//MT1338/SD3997"	"MSU"	2024	FALSE	"2024"	1
"MT22345"	"DAGMAR/MN14105-7"	"MSU"	2024	FALSE	"2024"	1
"MT22361"	"MT1867//PATWIN515/MN-11394-6"	"MSU"	2024	FALSE	"2024"	1
"MT23004"	"DAGMAR/MTSIDNEY"	"MSU"	2024	FALSE	"2024"	1
"MT23297"	"DAGMAR/NDHRS16-14-41"	"MSU"	2024	FALSE	"2024"	1
"MT9311"	NA	"MSU"	1996	FALSE	"1996"	1
"MT9354"	"MT7810//SU73/LEW"	"MSU"	1995	FALSE	"1995"	1
"MT9360"	"LEW/PONDERA"	"MSU"	1995	FALSE	"1995"	1
"MT9410"	NA	"MSU"	1996	FALSE	"1996"	1
"MT9508"	"FORTUNA/PONDERO//PONDERO"	"MSU"	1997	FALSE	"1997"	1
"MT9609"	"FORTUNA/AMIDON"	"MSU"	1998	FALSE	"1998"	1
"N10"	NA	NA	2016	TRUE	"2016, 2017, 2018, 2019, 2020, 2021, 2022, 2023, 2024"	9
"N10-0176"	"RB07/SD3461"	"Limagrain"	2012	FALSE	"2012"	1
"N92-0248"	"N87-0135/HS84-0793"	"AgriPro"	1995	FALSE	"1995"	1
"N92-2031"	NA	"AgriPro"	1995	FALSE	"1995"	1
"N93-0202"	NA	"AgriPro"	1996	FALSE	"1996"	1
"N93-0211"	NA	"AgriPro"	1996	FALSE	"1996"	1
"N93-0214"	"N86-1076/DALEN"	"AgriPro"	1995	FALSE	"1995"	1
"N93-0305"	"B85-1516/N86-0370"	"AgriPro"	1995	FALSE	"1995"	1
"N93-0331"	NA	"AgriPro"	1996	FALSE	"1996"	1
"N93-0351"	"B87-10175/KRONA"	"AgriPro"	1995	FALSE	"1995"	1
"N93-0383"	NA	"AgriPro"	1996	FALSE	"1996"	1
"N97-0322"	"SUMAI3/DALEN"	"AgriPro"	1997	FALSE	"1997"	1
"N97-0323"	"SUMAI3/DALEN"	"AgriPro"	1997	FALSE	"1997"	1
"N97-0324"	"SUMAI3/DALEN"	"AgriPro"	1997	FALSE	"1997"	1
"N97-0326"	"SUMAI3/DALEN"	"AgriPro"	1997	FALSE	"1997"	1
"N98-0439"	"CHINASCAB#140/N90-0690"	"AgriPro"	2001	FALSE	"2001"	1
"N99-0010"	"N94-0243//SUMAI3/DALEN"	"AgriPro"	2000	FALSE	"2000"	1
"N99-0011"	"HAMER//SUMAI3/DALEN"	"AgriPro"	2000	FALSE	"2000"	1
"N99-0085"	"N93-0211//SUMAI3/DALEN"	"AgriPro"	2000	FALSE	"2000"	1
"N99-0157"	"N92-0176//SUMAI3/DALEN"	"AgriPro"	2000	FALSE	"2000"	1
"ND-HERON"	"ND804/FREYR"	"NDSU"	2019	FALSE	"2019, 2020, 2023"	3
"ND-VITPRO"	"ND2849/ND721//ND735/3/GLENN"	"NDSU"	2016	FALSE	"2016, 2023"	2
"ND03_1-15"	NA	"NDSU"	2003	FALSE	"2003, 2004"	2
"ND03_1-9"	NA	"NDSU"	2003	FALSE	"2003, 2004"	2
"ND03_3-1"	NA	"NDSU"	2003	FALSE	"2003, 2004"	2
"ND07_3-10"	"ND2849/ND721"	"NDSU"	2008	FALSE	"2008"	1
"ND07_3-11"	"ARINA//PARSHALL/2817/3/ND716-21"	"NDSU"	2008	FALSE	"2008"	1
"ND07_3-12"	"ND2831/ND706SIB"	"NDSU"	2008	FALSE	"2008"	1
"ND08_3-11"	"SUMAI3/STOA//ND674/3/PARSHALL/4/ND716SELN"	"NDSU"	2008	FALSE	"2008"	1
"ND08_3-12"	"ND7212/TOKAI66"	"NDSU"	2008	FALSE	"2008"	1
"ND09_URSN-1"	"ND2902/REEDER//ND716-21"	"NDSU"	2009	FALSE	"2009, 2010"	2
"ND09_URSN-2"	"FRONTANA/W9207//ALSEN/3/GLENN/4/ND752"	"NDSU"	2009	FALSE	"2009, 2010"	2
"ND09_URSN-3"	"ND2831//PARSHALL/ND706/3/ND752"	"NDSU"	2009	FALSE	"2009, 2010"	2
"ND09_URSN-4"	"ALSEN/WALWORTH//ND744"	"NDSU"	2009	FALSE	"2009, 2010"	2
"ND09_URSN-5"	"ND721//SD8070/ND674/3/ALSEN"	"NDSU"	2009	FALSE	"2009, 2010"	2
"ND2603"	"SUMAI3/WHEATON"	"NDSU"	1995	FALSE	"1995"	1
"ND2604"	"SUMAI3/WHEATON"	"NDSU"	1995	FALSE	"1995"	1
"ND2710"	NA	"NDSU"	1996	TRUE	"1996, 1997, 1998, 1999, 2000, 2001, 2002, 2003, 2004, 2005, 2006, 2007, 2008, 2009, 2010, 2011, 2012, 2013, 2014, 2015, 2016, 2017, 2018, 2019, 2020, 2021, 2022, 2023, 2024"	29
"ND2713"	"STOA//SUMAI3/WHEATON"	"NDSU"	1995	FALSE	"1995, 1996"	2
"ND2729"	"SUMAI3/WHEATON//GUS"	"NDSU"	1995	FALSE	"1995"	1
"ND2731"	"SUMAI3/STOA"	"NDSU"	1995	FALSE	"1995"	1
"ND2736"	NA	"NDSU"	1996	FALSE	"1996"	1
"ND2763"	NA	"NDSU"	1996	FALSE	"1996"	1
"ND2764"	NA	"NDSU"	1996	FALSE	"1996"	1
"ND2790"	NA	"NDSU"	2003	FALSE	"2003, 2004"	2
"ND2827"	"SUMAI3/STOA"	"NDSU"	1997	FALSE	"1997"	1
"ND2831"	"ND2709/ND688"	"NDSU"	1999	FALSE	"1999"	1
"ND2836"	"ND2709/ND688"	"NDSU"	1997	FALSE	"1997"	1
"ND2852"	"ND2710/5/FO.1243//ABE/ND517-5/3/ND611/4/GRANDIN"	"NDSU"	1998	FALSE	"1998"	1
"ND2891"	NA	"NDSU"	1998	FALSE	"1998, 1999"	2
"ND2897"	"ND2710/4/GRANDIN2/3/ND622SIB//LUCERO/BUTTE"	"NDSU"	1998	FALSE	"1998"	1
"ND2906"	"F0.2756//ND2710/ND674"	"NDSU"	1998	FALSE	"1998"	1
"ND2928"	"NING7840/ND706"	"NDSU"	1999	FALSE	"1999, 2000"	2
"ND2941"	"ND674//ND2710/ND688"	"NDSU"	1999	FALSE	"1999"	1
"ND2955"	NA	"NDSU"	2000	FALSE	"2000"	1
"ND2959"	"ND674//ND2710/ND688"	"NDSU"	2000	FALSE	"2000, 2001"	2
"ND2978"	"ND2831//PARSHALL/ND706"	"NDSU"	2001	FALSE	"2001"	1
"ND3006"	NA	"NDSU"	2000	FALSE	"2000"	1
"ND3015"	NA	"NDSU"	2003	FALSE	"2003, 2004"	2
"ND3020"	"ND2831//PARSHALL/ND706"	"NDSU"	2002	FALSE	"2002"	1
"ND3035"	"81-60/N.BOUZ//KINSCO/3/PARSHALL/ND706"	"NDSU"	2001	FALSE	"2001"	1
"ND3043"	"ARINA/3/PARSHALL//ND688/ND674"	"NDSU"	2001	FALSE	"2001"	1
"ND3044"	"ARSENAL//KORMORAN/ROHAU"	"NDSU"	2001	FALSE	"2001"	1
"ND3078"	"ND2849/ND721"	"NDSU"	2002	FALSE	"2002"	1
"ND3085"	"ND2891/ND721"	"NDSU"	2002	FALSE	"2002"	1
"ND3088"	"KADETT/BOBWHITESIB//GRANDIN/3/ND706"	"NDSU"	2002	FALSE	"2002"	1
"ND3098"	"ARSENAL//KORM./ROHAU72-839/3/PARSHALL/4/ND706"	"NDSU"	2002	FALSE	"2002"	1
"ND691"	"STOA2/CARIFEN//AMIDON"	"NDSU"	1997	FALSE	"1997"	1
"ND712-12"	NA	"NDSU"	2000	FALSE	"2000"	1
"ND820"	"SD8119/2ND721"	"NDSU"	2016	FALSE	"2016"	1
"ND822"	"DAPPS/PARSHALL"	"NDSU"	2016	FALSE	"2016"	1
"ND824"	"ND729/ND725"	"NDSU"	2016	FALSE	"2016"	1
"ND828"	"GOLDFIELD/2ALSEN//STEELE-ND"	"NDSU"	2016	FALSE	"2016, 2023"	2
"ND830"	"ND744/ND721//FALLER"	"NDSU"	2017	FALSE	"2017"	1
"ND833"	"BUCKPRONTO/GLENN"	"NDSU"	2017	FALSE	"2017"	1
"NDFROHBERG"	NA	"NDSU"	2023	FALSE	"2023"	1
"NDHRS13-0114-C06"	"ND815/PROSPER"	"NDSU"	2020	FALSE	"2020"	1
"NDHRS13-0121-C05"	"BW932/NDVITPRO"	"NDSU"	2020	FALSE	"2020"	1
"NDHRS13-0156-C04"	"ALSEN/FOREFRONT"	"NDSU"	2021	FALSE	"2021, 2022"	2
"NDHRS13-0170-0004"	"ND812/NORDEN"	"NDSU"	2019	FALSE	"2019, 2020"	2
"NDHRS13-0177-0001"	"ND823/LANGMN"	"NDSU"	2021	FALSE	"2021, 2022"	2
"NDHRS13-0215-C03"	"HOWARD/ADVANCE"	"NDSU"	2020	FALSE	"2020"	1
"NDHRS13-0309-B03"	"LANGMN/SYSOREN"	"NDSU"	2021	FALSE	"2021, 2022"	2
"NDHRS13-0318-0003"	"BROGAN/HOWARD//BARLOW"	"NDSU"	2020	FALSE	"2020"	1
"NDHRS14-0136-C06"	"9950146ES/PARSHALL//06S0157-1"	"NDSU"	2019	FALSE	"2019"	1
"NDHRS15-0006-B02"	"ND820/LANG-MN//DAPPS/3/GLENN/4/FALLER"	"NDSU"	2023	FALSE	"2023"	1
"NDHRS15-0006-C29"	"ND820/LANG-MN//DAPPS/3/GLENN/4/FALLER"	"NDSU"	2023	FALSE	"2023"	1
"NDHRS15-0037-C52"	"NDVITPRO/ROLLAG//GLENN"	"NDSU"	2023	FALSE	"2023"	1
"NDHRS15-0405-C34"	"LANG-MN/ND829"	"NDSU"	2023	FALSE	"2023"	1
"NDHRS16-12-19"	"BARLOW/STEELE-ND"	"NDSU"	2017	FALSE	"2017"	1
"NDHRS16-12-31"	"W9207/GRANDIN//ALSEN/3/ND752"	"NDSU"	2017	FALSE	"2017"	1
"NDHRS16-12-52"	"KADETT/BOBWHITESIB//GRANDIN/3/ND706/4/ND752"	"NDSU"	2017	FALSE	"2017"	1
"NDHRS16-13-13"	"WALWORTH/REEDER//ND721/3/ALSEN"	"NDSU"	2018	FALSE	"2018"	1
"NDHRS16-13-89"	"ND819/ND744"	"NDSU"	2018	FALSE	"2018"	1
"NDHRS16-13-97"	"ND709-9/ND711-25"	"NDSU"	2018	FALSE	"2018"	1
"NDHRS16-14-12"	"SD3942/FALLER//GLENN"	"NDSU"	2018	FALSE	"2018"	1
"NDHRS16-14-36"	"BARLOW/GRANITE"	"NDSU"	2019	FALSE	"2019"	1
"NDHRS16-14-91"	"CLTR15162/2ALSEN"	"NDSU"	2018	FALSE	"2018"	1
"NDHRS16-16-665"	"GLENN/SABIN"	"NDSU"	2019	FALSE	"2019"	1
"NDHRS16RIL-0190-019"	"NDVITPRO/ND826"	"NDSU"	2023	FALSE	"2023"	1
"NDHRS17-0596-B28"	"ND834/LINKERT//SYROWYN"	"NDSU"	2021	FALSE	"2021, 2022"	2
"NDHRS17DH-0467-056"	"ND834/ND826//NDVITPRO"	"NDSU"	2021	FALSE	"2021"	1
"NDHRS18-0069-B077"	"NDHRS16-12-52/SYVALDA"	"NDSU"	2024	FALSE	"2024"	1
"NDHRS18-0105-B080"	"ND834/LANG-MN//SYROWYN"	"NDSU"	2024	FALSE	"2024"	1
"NDHRS18-0178-B057"	"MSCHEVELLE/GLENN//NDVITPRO"	"NDSU"	2024	FALSE	"2024"	1
"NDHRS18-0180-B101"	"MSCHEVELLE/FALLER//NDVITPRO"	"NDSU"	2024	FALSE	"2024"	1
"NDHRS18-0261-B234"	"NDFROHBERG/ALSEN"	"NDSU"	2024	FALSE	"2024"	1
"NDHRS19RIL-0121-212-1"	"LANNING/BARLOW//ALSEN+TSN1"	"NDSU"	2024	FALSE	"2024"	1
"NDSURF2398"	NA	NA	2005	FALSE	"2005"	1
"NDSW0345"	"MT9904/ALSEN"	"NDSU"	2004	FALSE	"2004, 2005"	2
"NDSW0350"	"ND6223/GRANDIN//ND2891"	"NDSU"	2005	FALSE	"2005"	1
"NDSW0430"	"ND674//GRANDIN/ND614/3/ND2831"	"NDSU"	2006	FALSE	"2006, 2007"	2
"NDSW0714"	"PI634196/ALSEN//2ALSEN"	"NDSU"	2007	FALSE	"2007, 2008, 2009, 2010"	4
"NDSW0715"	"PI634196/ALSEN//2ALSEN"	"NDSU"	2007	FALSE	"2007, 2008, 2009, 2010"	4
"NORM"	NA	NA	2016	TRUE	"2016, 2017, 2018, 2019, 2020, 2021, 2022, 2023, 2024"	9
"OSLO"	NA	"AgriPro"	1997	TRUE	"1997, 1998, 1999, 2000, 2001, 2002, 2003, 2004, 2005, 2006, 2007, 2008, 2009, 2010, 2011, 2012, 2013, 2014, 2015, 2016, 2017, 2018, 2019, 2020, 2021, 2022, 2023, 2024"	28
"PARSHALL"	"KEENE/ND674"	"NDSU"	1997	FALSE	"1997"	1
"PI104131"	NA	"SDSU"	2001	FALSE	"2001"	1
"PI163429"	NA	"Argentina"	2002	FALSE	"2002"	1
"PI168727"	"KLEINSINMARQ/EUREKAF.C.S."	"Argentina"	2002	FALSE	"2002"	1
"PI182561"	NA	"SDSU"	2000	FALSE	"2000"	1
"PI185380"	NA	"SDSU"	2001	FALSE	"2001"	1
"PI185843"	"POLYSSU/ALFREDOCHAVES6-21"	"Brazil"	2002	FALSE	"2002"	1
"PI189816"	NA	NA	2004	FALSE	"2004"	1
"PI197664"	NA	NA	2004	FALSE	"2004"	1
"PI225396"	NA	NA	2004	FALSE	"2004"	1
"PI264940"	NA	"Greece"	2002	FALSE	"2002"	1
"PI345731"	"FRONTANA//THATCHER/SINVALOCHO"	"Argentina"	2002	FALSE	"2002"	1
"PI349478"	NA	"SDSU"	2001	FALSE	"2001"	1
"PI350768"	NA	"SDSU"	2001	FALSE	"2001"	1
"PI382140"	NA	"SDSU"	2001	FALSE	"2001"	1
"PI382161"	NA	"SDSU"	2000	FALSE	"2000"	1
"PI382167"	NA	"SDSU"	2000	FALSE	"2000"	1
"PI69321"	NA	NA	2004	FALSE	"2004"	1
"PI74494"	NA	NA	2004	FALSE	"2004"	1
"PI81791"	NA	"SDSU"	2000	FALSE	"2000"	1
"PROSPECT"	NA	NA	1995	FALSE	"1995"	1
"RIL39"	"WHEATON/ABURA"	"UMN"	2007	FALSE	"2007"	1
"RIL60"	"WHEATON/ABURA"	"UMN"	2007	FALSE	"2007"	1
"RIL64"	"WHEATON/ABURA"	"UMN"	2007	FALSE	"2007"	1
"RIL80"	"WHEATON/ABURA"	"UMN"	2007	FALSE	"2007"	1
"RIL83"	"WHEATON/ABURA"	"UMN"	2007	FALSE	"2007"	1
"RL4927"	"93B42-AD5AACDOMAIN2/SUMAI3"	"AAFC"	2000	FALSE	"2000"	1
"RL4970"	"RL47632/93FHB#37(94B15-D9D5)"	"AAFC"	2000	FALSE	"2000"	1
"RL4972"	"ACCORA2/93FHB#37(94B16-S14A5)"	"AAFC"	2000	FALSE	"2000"	1
"ROBLIN"	NA	"AAFC"	2010	TRUE	"2010, 2011, 2012, 2013, 2014, 2016, 2017, 2018, 2019, 2020, 2021, 2022, 2023, 2024"	14
"ROLLAG"	NA	NA	2017	TRUE	"2017, 2018, 2019, 2020, 2021, 2022, 2023, 2024"	8
"RUGBY"	NA	"NDSU"	2004	TRUE	"2004, 2005, 2006, 2007, 2008"	5
"SABIN"	"MN98389/MN97518"	"UMN"	2008	FALSE	"2008"	1
"SCHOLAR"	"MT8808/MARBERG"	"MSU"	1996	FALSE	"1996, 1997"	2
"SD-ADB54"	NA	"SDSU"	1997	FALSE	"1997"	1
"SD-ADB61"	NA	"SDSU"	1997	FALSE	"1997"	1
"SD-ADB9"	NA	"SDSU"	1997	FALSE	"1997"	1
"SD31219"	NA	"SDSU"	1995	FALSE	"1995"	1
"SD3164"	NA	"SDSU"	1995	FALSE	"1995"	1
"SD3195"	"KS80100X-38/SD3014//SD3047"	"SDSU"	1995	FALSE	"1995"	1
"SD3236"	"SD3100/SD8061"	"SDSU"	1995	FALSE	"1995"	1
"SD3247"	"SD3056/SD3101"	"SDSU"	1995	FALSE	"1995"	1
"SD3290"	NA	"SDSU"	1996	FALSE	"1996"	1
"SD3300"	NA	"SDSU"	1996	FALSE	"1996"	1
"SD3310"	"SD8072/SD3067"	"SDSU"	1999	FALSE	"1999"	1
"SD3317"	NA	"SDSU"	1996	FALSE	"1996"	1
"SD3330"	NA	"SDSU"	1996	FALSE	"1996"	1
"SD3345"	"SD8074//BT86/SD8061"	"SDSU"	1998	FALSE	"1998"	1
"SD3347"	"SD3113//SD3005/SD8061"	"SDSU"	1997	FALSE	"1997"	1
"SD3355"	"SD3080/OXENS"	"SDSU"	1997	FALSE	"1997"	1
"SD3407"	NA	"SDSU"	1999	FALSE	"1999"	1
"SD3414"	NA	"SDSU"	1999	FALSE	"1999"	1
"SD3415"	NA	"SDSU"	1998	FALSE	"1998"	1
"SD3423"	NA	"SDSU"	1998	FALSE	"1998"	1
"SD3452"	"PROSPECT/ERIC"	"SDSU"	1998	FALSE	"1998"	1
"SD3521"	"SUMA13/2375//SDO014"	"SDSU"	1999	FALSE	"1999"	1
"SD3523"	NA	"SDSU"	1999	FALSE	"1999, 2000"	2
"SD3524"	"SD3116/2375//VERDE"	"SDSU"	2000	FALSE	"2000"	1
"SD3533"	"ND671/SD8072"	"SDSU"	2002	FALSE	"2002"	1
"SD3561"	"SD3247/SD3165"	"SDSU"	2000	FALSE	"2000"	1
"SD3562"	"SD3247/SD3165"	"SDSU"	2000	FALSE	"2000"	1
"SD3588"	"SUMAI3/DALEN//KEENE"	"SDSU"	2000	FALSE	"2000"	1
"SD3599"	"SD8089/SD3374"	"SDSU"	2001	FALSE	"2001"	1
"SD3624"	"SD3247/SD3164"	"SDSU"	2001	FALSE	"2001"	1
"SD3650"	"SUMAI3/DALEN/3/SDX17150//SD3005/GUARD/4/SD3290"	"SDSU"	2001	FALSE	"2001"	1
"SD3657"	"RUSS//SUMAI3/DALEN/3/SD3299"	"SDSU"	2001	FALSE	"2001"	1
"SD3666"	"RUSS//SUMAI3/DALEN/3/SD3299"	"SDSU"	2001	FALSE	"2001"	1
"SD3686"	"SD3290/MN91309//SD8070"	"SDSU"	2002	FALSE	"2002"	1
"SD3692"	"SD3356/3/SUMAI3/SD3080//2375/4/SD3236"	"SDSU"	2002	FALSE	"2002"	1
"SD3696"	"SD3367/KS93U76//SD3164"	"SDSU"	2002	FALSE	"2002"	1
"SD3718"	"SD3390/SD3400//SD3164"	"SDSU"	2002	FALSE	"2002"	1
"SD3739"	"SD3335/ND695"	"SDSU"	2003	FALSE	"2003"	1
"SD3746"	"SD93380/SD3335//OXEN"	"SDSU"	2003	FALSE	"2003"	1
"SD3754"	"KS91W049-1-5-1/SD3414//SD8070"	"SDSU"	2003	FALSE	"2003"	1
"SD3776"	"1340_325-2-2-4///SDX17150//(SD3005/G/4/SD3420/5/SD3310"	"SDSU"	2003	FALSE	"2003"	1
"SD3784"	NA	"SDSU"	2003	FALSE	"2003"	1
"SD3895"	"SD3478/SD3549"	"SDSU"	2004	FALSE	"2004"	1
"SD3901"	"1317316-3-1-1/ND678//SD3348/3/SD3520/4/SD3546"	"SDSU"	2004	FALSE	"2004"	1
"SD3911"	"97NPY3209/ND726//SD3569"	"SDSU"	2004	FALSE	"2004"	1
"SD3924"	"TA4083.10/SD3562//SD3367"	"SDSU"	2004	FALSE	"2004"	1
"SD3934"	"NORIN34//SD3247/1319313-3-1-3/3/FORGE/4/SD3411"	"SDSU"	2006	FALSE	"2006"	1
"SD3936"	"MN97518/N96-0144//SD3570"	"SDSU"	2004	FALSE	"2004"	1
"SD3942"	"SD3367/SD3623"	"SDSU"	2008	FALSE	"2008"	1
"SD3973"	"PI285933/OXEN//SD3635"	"SDSU"	2005	FALSE	"2005"	1
"SD3975"	"PI519798/SD3650//REEDER"	"SDSU"	2005	FALSE	"2005"	1
"SD3979"	"FN1700-155/SD3638//SD3506"	"SDSU"	2005	FALSE	"2005"	1
"SD3989"	"PI349478/FN1500-074//SD3599"	"SDSU"	2005	FALSE	"2005"	1
"SD3991"	"FN1700-006/SD3628//SD3522"	"SDSU"	2005	FALSE	"2005"	1
"SD4011"	"SD3367/SD3618"	"SDSU"	2009	FALSE	"2009"	1
"SD4027"	"SD3641/SD3722"	"SDSU"	2009	FALSE	"2009"	1
"SD4041"	"PI168730/SD3533//ND740"	"SDSU"	2006	FALSE	"2006"	1
"SD4042"	"PI168730/SD3533//ND740"	"SDSU"	2006	FALSE	"2006"	1
"SD4059"	"PI584914/SD3730//SD3641"	"SDSU"	2006	FALSE	"2006, 2007"	2
"SD4066"	"PI225448/PARSHALL//SD3603"	"SDSU"	2006	FALSE	"2006"	1
"SD4181"	"SD3618/ND739"	"SDSU"	2008	FALSE	"2008"	1
"SD4182"	"SD3618/ND739"	"SDSU"	2008	FALSE	"2008"	1
"SD4186"	"PI67392/SD3696//ND744"	"SDSU"	2008	FALSE	"2008"	1
"SD4192"	"SD3728/MN98389-A"	"SDSU"	2008	FALSE	"2008"	1
"SD4313"	"STEELE-ND/SD3974"	"SDSU"	2011	FALSE	"2011"	1
"SD4331"	"GLENN/SD3997"	"SDSU"	2011	FALSE	"2011"	1
"SD4337"	"SD3948/SD3997"	"SDSU"	2011	FALSE	"2011"	1
"SD4338"	"SD3618/ND739"	"SDSU"	2011	FALSE	"2011"	1
"SD4343"	"SD3623/SD3744"	"SDSU"	2011	FALSE	"2011"	1
"SD4361"	"SD3943-21/SD3851"	"SDSU"	2012	FALSE	"2012"	1
"SD4366"	"SD3948/SD4018"	"SDSU"	2012	FALSE	"2012"	1
"SD4388"	"SD4011/SD3942"	"SDSU"	2012	FALSE	"2012"	1
"SD4394"	"SD4018/SD3868"	"SDSU"	2012	FALSE	"2012"	1
"SD4397"	"SD3879/SD3851"	"SDSU"	2012	FALSE	"2012"	1
"SD4487"	"SD4156/SD4187"	"SDSU"	2013	FALSE	"2013"	1
"SD4504"	"GLENN/SD4072"	"SDSU"	2014	FALSE	"2014"	1
"SD4508"	"KELBY/SD3997"	"SDSU"	2014	FALSE	"2014"	1
"SD4510"	"KELBY/SD3997"	"SDSU"	2014	FALSE	"2014"	1
"SD4514"	"SD3997/SD4072"	"SDSU"	2014	FALSE	"2014"	1
"SD4518"	"SD4011/SD4181"	"SDSU"	2013	FALSE	"2013"	1
"SD4536"	"SD4186/SD4178"	"SDSU"	2013	FALSE	"2013"	1
"SD4541"	"SD4189/SD4181"	"SDSU"	2013	FALSE	"2013"	1
"SD4544"	"SD4178/KELBY"	"SDSU"	2013	FALSE	"2013"	1
"SD4546"	"CA907-816W/SD4178"	"SDSU"	2014	FALSE	"2014"	1
"SD4559"	"2009-19013/SD4181"	"SDSU"	2015	FALSE	"2015"	1
"SD4582"	"PI67392/SD3618//ND750"	"SDSU"	2015	FALSE	"2015"	1
"SD4587"	"SD3997/SD4181"	"SDSU"	2016	FALSE	"2016"	1
"SD4589"	"SD3997/SD4181"	"SDSU"	2016	FALSE	"2016"	1
"SD4595"	"SD4148/BRICK"	"SDSU"	2015	FALSE	"2015"	1
"SD4605"	"SD4253/SD4181"	"SDSU"	2015	FALSE	"2015"	1
"SD4607"	"SD4253/SD4243"	"SDSU"	2015	FALSE	"2015"	1
"SD4621"	"SD4078/SD4165"	"SDSU"	2016	FALSE	"2016"	1
"SD4645"	"SD4181/SD4165"	"SDSU"	2016	FALSE	"2016"	1
"SD4675"	"GLENN/SD4346"	"SDSU"	2016	FALSE	"2016"	1
"SD4691"	"SD4338/SD4181"	"SDSU"	2017	FALSE	"2017"	1
"SD4705"	"MN08032-8/SD4338"	"SDSU"	2017	FALSE	"2017"	1
"SD4710"	"SD4023/BRICK"	"SDSU"	2017	FALSE	"2017"	1
"SD4724"	"GLENN/SD4389"	"SDSU"	2017	FALSE	"2017"	1
"SD4740"	"SD4181/SD4243"	"SDSU"	2019	FALSE	"2019"	1
"SD4741"	"SD4181/SD4243"	"SDSU"	2017	FALSE	"2017"	1
"SD4756"	"SD4396/BRICK"	"SDSU"	2018	FALSE	"2018"	1
"SD4758"	"SD4427/PREVAIL"	"SDSU"	2018	FALSE	"2018"	1
"SD4787"	"SDW0045/SD4243"	"SDSU"	2018	FALSE	"2018"	1
"SD4819"	"SD4243/SD4479"	"SDSU"	2018	FALSE	"2018"	1
"SD4822"	"FOCUS/PREVAIL"	"SDSU"	2018	FALSE	"2018"	1
"SD4834"	"SD4460/SD4366"	"SDSU"	2019	FALSE	"2019"	1
"SD4848"	"SD4495/MN10261-1"	"SDSU"	2020	FALSE	"2020"	1
"SD4859"	"BRICK/SD4011"	"SDSU"	2019	FALSE	"2019"	1
"SD4865"	"MN08165-8/BARLOW"	"SDSU"	2019	FALSE	"2019"	1
"SD4868"	"MN09186/SD4434"	"SDSU"	2019	FALSE	"2019"	1
"SD4871"	"MN10261-1/SD4178"	"SDSU"	2021	FALSE	"2021"	1
"SD4893"	"SD4383/FOREFRONT"	"SDSU"	2022	FALSE	"2022"	1
"SD4917"	"SD4383/SD4299"	"SDSU"	2020	FALSE	"2020"	1
"SD4924"	"SD4576/SD4607"	"SDSU"	2022	FALSE	"2022"	1
"SD4926"	"MN10201-4-A/SD4579"	"SDSU"	2020	FALSE	"2020"	1
"SD4933"	"SD4496/MN10261-1"	"SDSU"	2021	FALSE	"2021"	1
"SD4947"	"LCS-NITRO/FOREFRONT"	"SDSU"	2020	FALSE	"2020"	1
"SD4950"	"ALVORADA/SD4496"	"SDSU"	2020	FALSE	"2020"	1
"SD4968"	"SD4416/SD4383"	"SDSU"	2021	FALSE	"2021"	1
"SD4976"	"BOOST/SD4624"	"SDSU"	2021	FALSE	"2021"	1
"SD4991"	"SURPASS/SD4587"	"SDSU"	2021	FALSE	"2021"	1
"SD5012"	"SD4383/SD4416"	"SDSU"	2021	FALSE	"2021"	1
"SD5030"	"SY-VALDA/SD4631"	"SDSU"	2022	FALSE	"2022"	1
"SD5038"	"SD4539/MN13398-2"	"SDSU"	2022	FALSE	"2022"	1
"SD5050"	"SY-VALDA/FOCUS"	"SDSU"	2024	FALSE	"2024"	1
"SD5051"	"SY-VALDA/FOCUS"	"SDSU"	2022	FALSE	"2022"	1
"SD5101"	"DRIVER/SD4708"	"SDSU"	2023	FALSE	"2023"	1
"SD5117"	"SY-VALDA/SD4748"	"SDSU"	2023	FALSE	"2023"	1
"SD5127"	"FOCUS/SD4710//SD4954"	"SDSU"	2023	FALSE	"2023"	1
"SD5132"	"SD4724/SD4719"	"SDSU"	2023	FALSE	"2023"	1
"SD5145"	"SD4752/SD4746"	"SDSU"	2023	FALSE	"2023"	1
"SD5153"	"SD4871/SURPASS"	"SDSU"	2024	FALSE	"2024"	1
"SD5158"	"FOCUS/SD4710"	"SDSU"	2024	FALSE	"2024"	1
"SD5159"	"SD4871/SD4539"	"SDSU"	2023	FALSE	"2023"	1
"SD5193"	"SD4944/SD4873"	"SDSU"	2024	FALSE	"2024"	1
"SD5195"	"SD4951/SD4843"	"SDSU"	2024	FALSE	"2024"	1
"SD5203"	"FHBDH-44004/DRIVER"	"SDSU"	2024	FALSE	"2024"	1
"SD5223"	"SD4843/SD4873"	"SDSU"	2024	FALSE	"2024"	1
"SD8089"	NA	"SDSU"	1995	FALSE	"1995"	1
"SD8114"	NA	"SDSU"	1996	FALSE	"1996"	1
"SELECT"	"SD3367/FN1500-118"	"SDSU"	2009	FALSE	"2009"	1
"SH1"	NA	"AAFC"	2010	FALSE	"2010"	1
"SH2"	NA	"AAFC"	2010	FALSE	"2010"	1
"SH3"	NA	"AAFC"	2010	FALSE	"2010"	1
"SHARP"	NA	NA	1995	FALSE	"1995"	1
"SNOWSTAR"	"94B46G22/MCKENZIE"	"AAFC"	2005	FALSE	"2005"	1
"STEPNJACHKA"	NA	"Ukraine"	2003	FALSE	"2003"	1
"SUMAI3"	NA	NA	1995	FALSE	"1995"	1
"TOM"	"97T-1003/VERDE"	"UMN"	2006	FALSE	"2006"	1
"TROOPER"	"KEYSTONE/IVAN"	"WestBred"	2003	FALSE	"2003"	1
"UISTONE"	"POMERELLE2/TUI"	"UIDO"	2016	FALSE	"2016"	1
"VIDA"	"SCHOLAR/REEDER"	"MSU"	2019	FALSE	"2019"	1
"WASKADA"	"BW278/2BW252"	"AAFC"	2006	FALSE	"2006"	1
"WB-LYN"	"EXPRESS/KNUDSON"	"WestBred"	2007	FALSE	"2007"	1
"WB-MAYVILLE"	NA	NA	2023	FALSE	"2023"	1
"WB-PIVOT"	"E/PRESS/KNUDSON"	"WestBred"	2005	FALSE	"2005"	1
"WHEATON"	NA	"UMN"	1995	TRUE	"1995, 1996, 1997, 1998, 1999, 2000, 2001, 2002, 2003, 2004, 2005, 2006, 2007, 2008, 2009, 2010, 2011, 2012, 2013, 2014, 2015, 2016, 2017, 2018, 2019, 2020, 2021, 2022, 2023, 2024"	30
"X00009-16"	"WHEATON/EXCELCIER"	"UMN"	2011	FALSE	"2011"	1
